{
   "ColorIntrinsic" : {
      "cx" : 959.5,
      "cy" : 539.5,
      "fx" : 1081.3720703125,
      "fy" : 1081.3720703125
   },
   "DepthIntrinsic" : {
      "cx" : 255.87660217285156,
      "cy" : 206.57290649414062,
      "fx" : 366.35519409179688,
      "fy" : 366.35519409179688
   },
   "Distortion" : {
      "k1" : 0.089355513453483582,
      "k2" : -0.27087739109992981,
      "k3" : 0.096641361713409424,
      "p1" : 0.0,
      "p2" : 0.0
   }
}
